ID,Answer
0,長劍
1,《諸羅縣志》
2,袁晁
3,柏林陸軍學院
4,長盤
5,聶耳
6,1874年
7,西漢的版圖向西擴張
8,巴黎
9,宣傳偽詐
10,周星馳
11,秀吉被稱為天下人，從尾張中村
12,高架設計以配合高架路線
13,anticipation，即預測
14,2007年
15,硫-34
16,休伯特•漢弗萊
17,萬有引力和恆星內部由於壓力梯度產生向外的壓力。壓力梯度是由電漿體的溫差建立的，因為外面的部份溫度會比內部核心的低。主序星或巨星的核心溫度至少有107克耳文
18,經濟
19,100公里
20,愛爾蘭語
21,荷蘭
22,硫化物
23,塞爾維亞反對黨
24,數十年
25,蠻族事務局
26,拉丁文
27,路加
28,1964年
29,霍克菲爾德
30,文化大革命
31,小說
32,
33,俗雲萬里石塘
34,約翰·布蘭豪
35,1964年
36,新北市
37,白色
38,沒有
39,南人
40,宋端宗
41,萬尼瓦爾·布希
42,40%
43,1070年
44,社會保障法規
45,第一教學樓
46,1930年
47,卓越的航天技術
48,1932年
49,自大型購物中心[UNK]開幕後
50,康熙帝
51,武漢水利電力大學
52,1960年代
53,亞歷山大一世被刺殺
54,古老
55,基督教
56,預覽阿爾法版本
57,100萬
58,新北市教育主管機管為新北市政府教育局
59,愛心聖誕大行動
60,勃艮第公爵
61,中國國民黨
62,中生代侏羅紀
63,阿拉貢國王卡洛斯三世
64,熱帶雨林氣候
65,意圖完全擺脫漢朝的控制
66,李宗仁
67,五代
68,不大
69,弘治十二年
70,亞洲
71,1994年
72,德意志聯邦共和國
73,晶體
74,依納爵
75,一級公路
76,
77,朱少文
78,羽柴秀吉
79,俾斯麥
80,金泳三
81,1958年
82,靈魂
83,科龍港
84,愛爾蘭人
85,律呂精義》
86,西漢元封二年
87,隋滅南陳
88,佛教
89,1861年
90,豐臣秀吉
91,三吳地區
92,複合式裝甲是由數種化學特性極為不同的材料所組成的裝甲；鋼鐵和陶瓷是複合式裝甲中最常見的材料型態。複合式裝甲
93,過高指標
94,武漢水利電力大學
95,蘇利南
96,1934年
97,檸檬酸咖啡因
98,1876年
99,1949年
100,大象
101,1915年
102,1600年
103,異裂。根據類型常可區分為有絲分裂和無絲分裂，在真核生物中以有絲分裂
104,美國
105,芝諾比亞
106,仁祖
107,四衛拉特
108,佛學論書
109,北海道大學
110,下薩克森邦
111,三天
112,1944年
113,安娜·德·薩伏伊皇后
114,咸豐帝
115,哈林河
116,孟加拉
117,世界級指揮家
118,中原
119,荷蘭
120,威廉·洛厄爾·普特南
121,
122,阿拉伯
123,雷家驥
124,
125,未標準化
126,瑞派克路
127,1966年
128,害怕德軍在東線戰線上沒有足夠兵力應付俄國
129,福建林家
130,商營鐵路，但由於它是用來運貨
131,民主黨
132,西人黨
133,2013年
134,臺北
135,原住民
136,杭縣
137,蘇聯國旗
138,兩
139,1939年
140,政府資助研究
141,石齋畫報
142,南越地區
143,1988年
144,上吊
145,吉米卡特
146,吳有性
147,《布告各省公啟》
148,阿拉里克
149,十月革命
150,髒層
151,
152,1949年
153,
154,清光緒十七年
155,
156,國共內戰戰況失利
157,阿爾薩斯-洛林
158,乙醚
159,唐太宗
160,卡爾梅克人
161,1969年初
162,63位
163,阿爾巴諾羅馬城郊教區主教
164,古希臘時代
165,
166,角旁
167,孫中山
168,農業
169,[UNK]
170,
171,1999年
172,《天淨沙》
173,二次大戰
174,公元68年
175,南越國
176,幾何學
177,岑智明
178,普法戰爭
179,公元前362年
180,強力政府
181,28歲
182,2000年10月
183,保加利亞
184,三大優點
185,10度
186,自由黨
187,東方集團
188,波士頓
189,1992年
190,網球
191,後箱館裁判所
192,明朝
193,1498年
194,2000年
195,2012年
196,考古
197,克萊門森
198,森林
199,阿森納女子足球俱樂部
200,民主選舉
201,酒樓
202,1920年
203,美元有正式
204,多倫多
205,在軌道上驅動列車
206,彌爾
207,反貪污特警隊
208,艾瑪·史東
209,數位訊號
210,日本
211,亞歷山大一世
212,威尼斯影展
213,冬季於中國活躍的兩般高壓區之間的真空帶
214,新北市
215,法國雷諾汽車提出收購請求，由於日本政府的強烈反對及雷諾汽車董事會對日產汽車財務赤字的擔憂，最後經過雙方慎重考慮，最終以「聯盟
216,甲午戰爭
217,克孜勒
218,沒有
219,劉源
220,美觀
221,中部科學園區
222,西部地區
223,1982年
224,宣宗末年
225,君主
226,多瑙河
227,國立廣東大學
228,美國發明家
229,2006年
230,終於找到爆炸地點
231,中國國務院公布了《人體器官移植條例》
232,1262年
233,鄭芝龍舊部郭懷一
234,三倍
235,耗盡了核心的氫燃料，質量大於0.4太陽質量
236,颱風
237,2016年
238,1968年
239,韓國
240,年輕
241,
242,前衛
243,卑南族
244,黑死病
245,2013年
246,赫爾伯特·查普曼
247,據傳在與比提尼亞國王的性行為中處於被動地位
248,2001年
249,波士頓塞爾提克隊
250,溥[UNK]
251,副主席
252,決勝局必定是單數局
253,廣東省政府委員會
254,遊戲
255,1951年
256,
257,1984年
258,
259,下薩克森邦
260,法蘭西第二帝國
261,福建人
262,海布里球場，正式名字為阿森納球場，從1913年至2006年5月為阿森納的主場球場，由著名的建築師阿奇巴爾·雷奇
263,夜間攔截任務
264,哥白尼日心說
265,濃度低
266,袁世凱
267,明朝
268,1848年
269,1954年
270,1998年
271,共同民主黨
272,《南華早報》
273,惡臭
274,佛像
275,阿聯
276,交通基建
277,紅軍
278,田川氏
279,天狼星
280,[UNK]
281,1975-1985年間
282,梵蒂岡
283,機場
284,1237年
285,東羅馬
286,劉裕
287,
288,美國律師協會
289,1654年
290,清末
291,廣開土大王
292,胡安·林茲
293,日本
294,1月1日
295,太陽運動可以提供這顆恆星的年齡和起源的有用資訊，並且還包括周圍的星系結構和演變。一顆恆星運動的成分包括徑向速度是接近或遠離太陽，和橫越天空
296,孟懷玉
297,細胞外的鈣離子
298,8月
299,羅納爾迪尼奧
300,慕容垂
301,火山活動
302,利奧三世
303,
304,要提升飛機的飛行安全
305,丁基羥基甲苯
306,軍事圍剿，以致爆發為期一月的中緬大戰
307,斯德哥爾摩
308,第三紀中新世
309,中華民國
310,高麗時期
311,靳雲鵬
312,1958年
313,馬德里議定書》
314,粳稻
315,曹魏故都智慧之旅
316,亞德港
317,布爾什維克革命
318,民主黨
319,彌爾
320,視錐細胞
321,1928年
322,期貨交易所
323,十多個
324,300美元
325,張
326,大力發展體育事業
327,元世祖
328,力自行車
329,數學
330,亞熱帶季風氣候
331,月份
332,
333,朱一貴
334,凱爾特部落群
335,發球失誤
336,銃炮
337,1959年
338,1980年代
339,共和黨女性州長行政機構
340,東漢
341,1980年
342,
343,
344,2010年
345,武漢
346,1868年
347,托土拉島
348,德國
349,倫敦奈米技術中心
350,1888年
351,岡底斯山
352,1972年
353,
354,三菱重工業長崎造船廠
355,南斯拉夫人
356,管理不善
357,
358,丹尼索瓦人
359,忽必烈
360,中國
361,2000年
362,拉直
363,波蘭
364,1955年
365,韓國
366,維京戈達島、阿內加達島和約斯特范大克島
367,1956年
368,史都華中校
369,1910年
370,中亞地區
371,沙阿摩訶末時期
372,1958年
373,1928年
374,激進組織
375,巴爾的摩市
376,中華民國政府
377,社團部
378,羅納德
379,電子郵件
380,孔子
381,大連路的地鐵站2號口，即電影《風雲兒女》的拍攝地的上海國歌紀念廣場
382,2005年
383,中國國務院
384,哥白尼
385,60年代
386,雙循環泵
387,1809年
388,一次大戰
389,32年
390,害怕德軍在東線戰線上沒有足夠兵力應付俄國
391,
392,伯克制
393,高速下
394,國家
395,路易·巴斯德
396,中部科學園區
397,宣統三年九月十九日
398,1991年
399,文學
400,第二次工業革命
401,突厥語
402,哈雷阿卡拉國家公園
403,坎貝爾
404,8小時
405,樂壇女王」，奠定巨星地位
406,民國16年
407,國立廣東大學
408,亞伯拉罕諸教
409,六億七千多萬
410,妖怪，指草木或者動物等改變成為的精怪，也指怪異、反常的事物與現象。妖怪通常存在於人類想像與傳說之中，難以運用科學方法證明其真偽。研究這方面的學問，稱之為妖怪學
411,文峰塔、國家花木博覽園、許都公園、紫雲山和鈞官窯遺址被專家
412,中文
413,硫-34
414,
415,阿爾泰語系
416,清太宗
417,信陽市
418,5%
419,美國空軍准將。詹姆斯·史都華文武全才
420,質量
421,科技
422,媽祖
423,鮑德溫伯爵
424,
425,15米
426,蘇丹
427,行軍大總管
428,[UNK]左右
429,2005年9月
430,
431,那拉氏
432,辛酉政變
433,銅的礦物
434,統一企業
435,2013年1月1日
436,生物學研究
437,陳誠
438,孫中山
439,與德國單獨媾和
440,德國工業
441,中原大戰
442,1978年
443,恩琴
444,731
445,摩斯科格族
446,嘉義市
447,元初
448,肺呼氣機制
449,五角星
450,君士坦提烏斯
451,航海工業
452,阿29
453,混合動力自行車
454,中國共產黨中央政治局常務委員會
455,1939年
456,菲爾·法恩斯沃斯
457,市區2環快速3環路
458,盟旗制。維吾爾、布魯特、塔吉克等族地區則實行伯克制
459,臺南州
460,基督教
461,南緯30度
462,一次大戰期間
463,長盤
464,中華人民共和國
465,保守派
466,免費網路首頁伺服器
467,《全唐詩》
468,1911年
469,1982年開始
470,七年
471,荷蘭共和國和奧地利
472,德國物理學者海因里希·赫茲
473,梁朝偉
474,吳三連
475,1918年
476,米勒
477,1月8日
478,掃雷艇部隊
479,哈丹
480,
481,3年
482,80年代後當局容忍了收看西方電視節目的行為，甚至允許帶有既接收東德電視節目又接收西方電視節目的大型天線和有線電視存在。東德電視台亦製作了《黑頻道》等節目應對東德居民普遍收看西德節目的現實，但收效甚微。據萊比錫青年中心統計，從1976年到1988年
483,波你尼
484,東晉
485,電腦介入飛控系統
486,光明星4號」衛星後，宣布全面中斷韓朝僅存的經濟合作項目開城工業園區
487,烏孜別克人
488,2555公里
489,國共內戰
490,高句麗聯合[UNK][UNK]
491,茲維亞德·加姆薩胡爾季阿
492,路面電車，簡稱電車，是一種通常由架空高架電纜供電、電動機驅動，依賴固定軌道行駛的公共運輸工具。列車車廂分別有單節和多節編組的設計，但是總長度一般不大於100米
493,魚雷攻擊
494,荀子
495,清朝
496,1935年
497,大台北都會區
498,電路傳導飛控
499,中國政法大學
500,瓜拿納
501,二戰時期
502,鈉鹽
503,古代
504,宣統三年九月九日，蔡[UNK]、唐繼堯率新軍發動重九起義，脫離清朝。民國4年12月25日
505,馬麗娜·甘巴
506,1992年
507,中國國民黨
508,貝爾根
509,太白
510,朱棣
511,網路硬體環境
512,低稅賦
513,小選舉區制
514,科索沃
515,要求進行民主選[UNK]」的遊行。抗議活動
516,自由放任
517,綠色工業
518,四年
519,段祺瑞
520,喬治麥高文
521,田寮洋子萊萊
522,1902年
523,蝸頂
524,戰後1950年代
525,5%
526,
527,2002年
528,[UNK]
529,軍事冒險主義
530,學習維基媒體的頁面編輯工具被認為有挑戰性
531,整理遺產
532,雄性
533,經濟建設
534,《中華民國臨時約法》
535,鮮蝦腸粉
536,愛國教育
537,帕吉勒提河
538,「西南美麗的地方」
539,天」的至高無上
540,開羅
541,1932年
542,許榮茂
543,1955年
544,多倫多運輸局
545,公元前一世紀
546,柵欄
547,1898年
548,象徵性
549,狄拉克
550,藥葛羅
551,健康寫實電影
552,1956年7月
553,矮星
554,中生代
555,伊爾庫茨克國立大學
556,
557,23406人，女性為9347人
558,1789年
559,兩個
560,永康方巖
561,大韓民國成立後
562,
563,馬[UNK]
564,總兵官
565,阿普列尤斯
566,哈大客運專線
567,漢風魏韻
568,約翰•貝茨•克拉克獎
569,反文化運動
570,英國
571,宗御
572,轟炸機
573,小型雷達測距儀
574,義大利
575,中世紀
576,耳蝸核
577,刺史
578,監理會
579,至元二十九年
580,自由派
581,貝加爾湖
582,陶瓷
583,1980年代
584,俄國
585,西班牙人
586,1918年
587,印度洋各地，包括錫蘭、印度、波斯灣和阿拉伯半島，甚至達到非洲的索馬利亞亞。威尼斯人馬可·波羅在忽必烈時期隨從他的父親和叔叔來到中國，在其口述並由魯斯蒂謙
588,9年
589,[UNK]
590,1941年2月1日
591,101公里
592,
593,20倍
594,喬治亞共和國
595,1943年
596,對立逐步升級
597,陰道
598,聯邦制
599,韓國
600,氯仿
601,希臘
602,瀕危物種
603,越戰
604,公民權
605,冷氣
606,極端大陸性氣候
607,永康方巖
608,1928年
609,定向天線
610,霍布斯
611,1897年
612,中山盛產海鹽
613,中國人民銀行籌備處
614,市場分析
615,滬寧鐵路
616,2005年
617,家庭喜劇片
618,同性
619,男子
620,反對建文帝削藩
621,
622,朱熹
623,社會民主黨，9位來自自由民主黨
624,傳播色情
625,電穿孔細胞
626,大連
627,第五區
628,英王衛士
629,2年
630,漢武帝
631,東地區
632,不
633,義大利
634,西方文明
635,東晉
636,1936年
637,預言
638,非商用
639,五桂山
640,竹[UNK]魚
641,嘉義市
642,市民代表會
643,29個
644,27年
645,10月23日
646,人傳》
647,漢字詞
648,第二次世界大戰
649,5000噸級
650,君士坦丁堡
651,2015年年底
652,古漢語文言文
653,22年
654,阿列克修斯·杜卡斯
655,尼安三世
656,喜馬拉雅山脈
657,1937年
658,1964年
659,高麗時
660,科技創新活動
661,[UNK]-15
662,嘉靖帝除四位皇后外，正式冊封的妃嬪有近七十人。明孝宗
663,阿圖什
664,普洱專區
665,阿克爾自治市於1948年1月1日
666,紫外線
667,九一八事變
668,春秋
669,人類宗教
670,閩江口
671,1899年
672,牟定縣
673,聖武記
674,中央窩
675,伊斯蘭哈里
676,殖民主義
677,奧德
678,8月北部約22℃
679,25~27度
680,國有企業
681,麥克萊倫
682,赤城鎮政府街1號
683,纖維心包
684,羅非魚
685,潘普洛納
686,水質好
687,1848年
688,《臺灣府志》
689,杜林
690,第265任
691,決勝局開始
692,28年
693,德國財政局
694,田納西州的戰爭英雄安德魯•傑克遜
695,超新星
696,全斗煥
697,2007年
698,[UNK]公開賽
699,
700,382年
701,軍隊編制問題
702,劉銘傳
703,韓國
704,過境時
705,她
706,1923年
707,畢達哥拉斯
708,2009年
709,湘西土家族苗族自治州
710,許貢
711,中果咖啡
712,東晉
713,李定國
714,大台北都會區
715,醫學領域
716,《新基本法令》
717,1962年
718,太宗即位之初
719,越南
720,奧匈帝國
721,藍帳汗國兩個蒙古帝國
722,白矮星
723,咖啡因
724,
725,階梯狀
726,漳州人
727,6個
728,1866年
729,
730,嚴濟慈
731,90年代
732,金日成
733,第一
734,吉爾·德·萊斯男爵
735,西班牙瓦倫西亞
736,1787年
737,元惠宗
738,南郡
739,1898年
740,守舊派
741,中華人民共和國
742,端敬王后
743,中生代
744,約瑟夫史達林
745,中國共產黨
746,從未修改國會選區
747,人工流產
748,蘇聯
749,中華人民共和國國務院的組成部門，相當於內閣組成單位
750,維多利中心的福建社團聯會
751,恆星
752,工藝產品
753,華人富有、加上不少華人傾向中共，各國為推行反共政策
754,5～8％
755,日本
756,
757,鮮卑部落
758,鮑德溫伯爵
759,1918年
760,1939年
761,砲兵科
762,巴黎條約
763,1970年
764,威斯康辛大學麥迪遜分校
765,乾燥
766,麻赫穆德·喀什噶里
767,奢侈品
768,分組賽階段的資格賽賽制
769,鐵嶺銀岡書院
770,民國16年
771,15世紀
772,三監之亂
773,劉少奇
774,馬略一
775,至元十三年
776,妖怪
777,60年代
778,圖西族
779,聖餐持紀念說
780,空腹死刑
781,《三國史記》
782,木星
783,長沙太守
784,物質
785,2002年
786,上海
787,德國
788,濃硫酸
789,
790,兄弟國的盟約
791,1982年1月8日，把金正恩生日定為「民族最大節日」之一，並通報由2011年
792,硫礦
793,1979年
794,義大利
795,村塢型經濟，常受戰亂影響而發展有限；江南社會
796,卡拉恰伊湖
797,宋理宗
798,阿拉里克
799,南京市
800,共和黨
801,日本
802,二戰的爆發
803,1976年
804,上海
805,1949年
806,瓦薩街
807,階級社會
808,1946年4月20日
809,礦產資源
810,1449年
811,1970年
812,隆武帝
813,第一次世界大戰
814,孫叔敖造田興水
815,東西
816,喀喇汗國
817,4月19日
818,民權運動
819,
820,外在
821,
822,1939年
823,《產假和保護婦女兒童權利法》
824,投資環境轉差，這時的福建人紛紛轉向香港發展，香港民國時代的福建人比例比現在多出很多。因為港島北面有大量的福建人，蔡素玉經常在港島區以福建人
825,中華民國國軍
826,
827,人民頻繁的遷移
828,四世紀
829,網際網路版權問題
830,共和派
831,英國
832,1979年
833,高句麗
834,蘇區
835,三重區
836,太陽
837,1940年
838,妖怪學
839,1987年起
840,[UNK][UNK]
841,東
842,關漢卿
843,張學良
844,陳平順
845,主序帶
846,厄德
847,利用電梯、手扶梯等設施輔助
848,1955年
849,甘迺迪
850,母系氏族
851,中國所說之挾天子
852,朝鮮白頭山
853,
854,
855,羅馬帝國
856,
857,路加
858,生物
859,1987年
860,韓國
861,朱載[UNK]
862,圖西族
863,布里斯托，成長在畢曉普斯頓區的城市。他的父親，查爾斯•埃卓恩•拉迪斯拉斯•狄拉克，是一個曾在布里斯托教書的法文老師
864,阿瓦魯阿所在的最大島拉羅東加島在內的九個島嶼都屬於此集團，大部分都是火山
865,廉興
866,基因特質
867,印地語
868,教宗
869,康熙帝
870,稻種
871,第二產程
872,民國43年
873,
874,中國科學技術大學副校長
875,
876,君士坦提烏斯
877,2000年6月
878,高鐵
879,美西戰爭
880,尊漢思想
881,蒂羅爾
882,硫化物
883,
884,1910年革命
885,洛邑
886,蒙漢通婚
887,杜慧度
888,憲政改革
889,英國
890,斯塔福德郡小海伍德村
891,義熙十四年
892,劉少奇
893,2002年
894,3年，大學4年
895,難以運用科學方法證明其真偽
896,國家安全局
897,冷戰時期
898,1949到1961年
899,黑洞
900,天然地
901,馬可波羅
902,新羅馬
903,上海鐵路局
904,中國人民銀行
905,《倫敦條約》
906,迦太基大會
907,
908,短
909,加拿大軍隊
910,120天
911,1950年代
912,文藝復興運動
913,
914,文藝復興式
915,淮安
916,1590年
917,1989年
918,博特羅普
919,柏林國際廣播電台
920,赫羅圖
921,1584年
922,都水監
923,丹尼爾·邁耶
924,商業
925,1948年
926,67個
927,1月21日
928,1884年
929,空軍
930,黑龍江
931,私立大學
932,漢諾瓦的技術信息圖書館
933,韓國華僑
934,馮跋
935,許榮茂
936,汪大淵
937,英語
938,[UNK]稻
939,宋真宗
940,120%
941,茂文·李洛埃的《聯邦調查局》。真實的美國聯邦調查局
942,9月
943,其副汗或小汗多帶有伊利的的稱號
944,唐德剛
945,路易十四
946,韓國
947,0.07個
948,福建人
949,28年
950,李煥之
951,昆明城巴
952,核質
953,石排灣
954,正教
955,八角鼓
956,歐洲鋼鐵
957,文化大革命
958,1640年
959,徐載弼
960,蒙哥
961,士瓦本
962,芝加哥大學
963,船業
964,收放式起落架
965,紐格威森林
966,2012年
967,拿破崙
968,戴克里先
969,166年
970,服務
971,市場經濟
972,1963年
973,亞歷山大六世
974,1919年
975,
976,70年代初
977,1958年底
978,西晉，為州、郡、縣三級制。雖然各國佔地不大，但往往分置許多州，以致州境縮小。並且將自己沒有統治的州郡也常常在境內設置，例如前趙
979,涵元殿
980,郭沫若
981,漢文
982,12次
983,科學社會學
984,八里
985,《中華人民共和國村民委員會組織法》
986,荷蘭
987,聯合國
988,自導、自演的都能奪金像獎的一位演員，成功奪得影帝最佳男主角寶座
989,內陸地區
990,立法會
991,白[UNK]紀滅絕事件
992,毒品
993,異端邪說
994,1252年
995,元朝
996,1932年
997,1972年
998,鐵製蒸汽船
999,文森特
1000,環境保護主義
1001,
1002,1946年
1003,
1004,羅斯托克港
1005,1991年的大選
1006,
1007,矮星
1008,修道主義
1009,1999年
1010,亞歷山大漢密爾頓
1011,中國
1012,1960年
1013,國務委員會委員長
1014,紐約尼克
1015,預付
1016,一街區
1017,100萬
1018,第二代
1019,匈奴
1020,9月2日
1021,中國
1022,工程化核酸酶
1023,伊薩克二世
1024,馬克西米安
1025,外部刺激
1026,麥克阿瑟元帥
1027,
1028,武漢行營副主任
1029,為了躲避戰亂
1030,倭國
1031,1985年
1032,狄拉克
1033,拜占庭帝國整個運作體系的環節之一，其要旨在於實踐其國家的目標與落實外交政策
1034,1823年
1035,漢字詞
1036,寧都會議
1037,舊石器時代
1038,166年
1039,荀子
1040,集團軍
1041,半日制學堂
1042,網際網路版權問題
1043,愷撒
1044,韓語
1045,倫敦霍洛威
1046,佛教
1047,烏爾蘇拉
1048,1964年
1049,岡瓦那大陸
1050,中華民國代表遂被迫退出聯合國
1051,挪威爲了開拓日本
1052,越戰
1053,令拿破崙蒙羞
1054,南華縣
1055,英國
1056,中國人
1057,路面電車
1058,四帝共治制
1059,1060公釐
1060,1939年
1061,安藏王
1062,劉表
1063,慶元
1064,北平綏靖公署主任張學良轉任軍事委員會北平分會副委員長
1065,民法法系
1066,石油危機
1067,秦朝與漢朝
1068,峽灣
1069,1920年
1070,硫代硫酸氨
1071,字喃
1072,省城
1073,1916年
1074,1627年
1075,環境污染
1076,羅德城
1077,孫中山
1078,夏季
1079,臺灣基隆地方法院
1080,戴克里先
1081,6世紀
1082,
1083,甘肅省
1084,領先盤
1085,特教中心各1所。市直幼兒園2所，鄉鎮幼兒園103所。本部位於北京的中華全國總工會下屬中國勞動關係學院
1086,耶穌會
1087,人
1088,「破四舊」
1089,三次
1090,為了獲得大寧地區的駐牧權
1091,梵語
1092,郭松齡
1093,爆炸性
1094,邊督辦公署，在普洱設雲南省第二殖邊督辦公署
1095,明朝時期
1096,1967年
1097,反潛
1098,1932年
1099,正中元年
1100,世稱恭順」
1101,氣候分類系統
1102,抗日戰爭
1103,財產資格限制
1104,漢朝中央
1105,汗位取得不合法
1106,奧東·德拉羅什
1107,灣仔北
1108,帕塔普斯科河
1109,1945年
1110,義熙十一年
1111,政府資助研究
1112,赫爾辛基
1113,《胭脂扣》
1114,羅馬帝國
1115,1847年
1116,日俄戰爭
1117,孫繼承
1118,宋朝形成的理學
1119,傑弗里·德維爾阿杜安
1120,阿拉伯半島
1121,克恩頓
1122,加州尤巴城
1123,君主
1124,天下人
1125,蔣經國
1126,千禧
1127,朱序
1128,中華人民共和國
1129,中國
1130,1992年
1131,康拉德·阿登納
1132,江東
1133,柏拉圖
1134,大約公元185年
1135,弱勢群體
1136,大正天皇
1137,第一教學樓
1138,中國歷代
1139,義輝
1140,美國總統選舉
1141,中華人民共和國衛生部
1142,曼莫漢·辛格
1143,斯拉夫人
1144,第4
1145,聯邦制
1146,1799年
1147,英國
1148,瑞士蘇黎世州
1149,七月初四
1150,德國
1151,滬寧線總管理處
1152,34年
1153,50元
1154,中華民國
1155,2次
1156,拋秧
1157,南卡羅來納州
1158,劉少奇
1159,卡加梅
1160,君士坦丁大帝
1161,日本
1162,5月17日
1163,財務報表
1164,社會
1165,海軍中尉
1166,德川家康真正
1167,空射火箭
1168,1836年
1169,
1170,九龍半島
1171,德里克·羅勃茲
1172,伊斯蘭教
1173,印度
1174,希察克爾夏季音樂節
1175,滬昆高速公路
1176,第二產程
1177,法國
1178,安提阿的卡布斯
1179,道本頓
1180,通州張家灣
1181,全家人一起觀看
1182,《血盟救國軍軍歌》
1183,廣州
1184,聽診器
1185,對朝戰役
1186,唯泰主義
1187,七千年前
1188,兩岸經濟合作架構協議
1189,阿速特部
1190,自由主義
1191,1874年
1192,衝動排放
1193,卡斯特拉
1194,李克強
1195,河東道
1196,免費網路首頁伺服器
1197,米利都
1198,自然環境
1199,韓國
1200,國民政府軍事委員會
1201,63個
1202,46公里
1203,十六世紀
1204,帕多瓦大學
1205,八千多年
1206,吉隆坡
1207,1924年
1208,塢堡
1209,發展局
1210,二氧化硫
1211,北京電視台
1212,[UNK]州縣
1213,十月革命
1214,英國
1215,美國大學協會
1216,
1217,郭松齡
1218,回開京
1219,美國大蕭條時期
1220,為了解決元成宗時期的財政危機
1221,伊薩克
1222,
1223,蔣介石
1224,全印穆斯林聯盟
1225,受通古斯人壓力
1226,喇嘛教
1227,鎌倉時代
1228,太陽而言，受到太陽風擴張影響所及的氣泡狀範圍
1229,中國特色社會主義
1230,劉裕
1231,阿里烏教
1232,鮑德溫伯爵
1233,佛教
1234,中世紀
1235,東正教，少數信仰伊斯蘭教
1236,臺北市
1237,鄧小平
1238,南斯拉夫
1239,武陵
1240,殺蟲
1241,法國大革命
1242,自由韓國黨
1243,否決權
1244,二十世紀
1245,積極進攻
1246,德國物理學者海因里希·赫茲
1247,1898年
1248,義大利汽車之都
1249,火箭發動機
1250,細胞膜
1251,在軌道上驅動列車
1252,聖喬治拉丁文學校
1253,23年
1254,1948年12月1日
1255,武宗系
1256,庚辰靖社
1257,魏博拉盧比民達行業工會
1258,116處
1259,視為
1260,尚吉巴
1261,瓊州海峽
1262,安德魯約翰遜
1263,普林斯頓大學
1264,83年
1265,釣魚台國賓館
1266,伊達政宗
1267,赫羅圖
1268,3年5月，改民政長為巡按使，巡按使公署下置政務、財政等廳。民國5年
1269,
1270,希洛克勒斯
1271,約翰·莫根
1272,臺灣
1273,第二代
1274,日美神奈川條約
1275,北京市
1276,
1277,哈利里德
1278,低可偵測性
1279,柏拉圖
1280,波蘭人
1281,六四事件
1282,英祖四年
1283,改良式
1284,師承
1285,二人
1286,1830年
1287,超文字
1288,八月
1289,
1290,廣州話
1291,傑里·威斯特特
1292,粳稻
1293,挪威
1294,1800
1295,中國郵政儲蓄銀行
1296,金礪
1297,德國
1298,人類
1299,研究所
1300,1989年至2005年
1301,教學大樓
1302,尤利安
1303,洛杉磯快艇
1304,腓力五世
1305,牡丹峰樂團
1306,印度
1307,歐登堡
1308,周敦頤
1309,海因利希・弗格勒
1310,朱利烏斯·凱撒
1311,「豫」
1312,1919年4月13日
1313,1000米以上
1314,文言文
1315,排灣族部落
1316,牛津大學
1317,臨時代議制
1318,世宗大王
1319,2015年
1320,1969年
1321,政府
1322,秧苗是用秧盤進行育苗。不過，只能適用於水田
1323,大
1324,488年
1325,病態賭徒
1326,全國人民代表大會
1327,外太空
1328,周敦頤
1329,蒙疆聯合自治政府
1330,英格蘭
1331,1913年
1332,美國
1333,鐵
1334,普羅斯佩·梅里美
1335,廣東省
1336,玫瑰盃
1337,羅馬法
1338,心理學
1339,希臘
1340,拉丁字母
1341,旅順-大連租借地
1342,卡普拉
1343,聯邦成員
1344,24英吋克拉克望遠鏡
1345,生物質
1346,秘書處
1347,就地掩埋稻草，除不會製造空氣汙染
1348,66種
1349,類比訊號
1350,印度
1351,視錐細胞
1352,人口眾多
1353,威廉二世
1354,遵義會議
1355,瀧川
1356,君士坦丁大帝
1357,國際網球總會
1358,年代末
1359,阿爾法
1360,鐵鉉
1361,外交手段
1362,1887年
1363,2008年
1364,畢達哥拉斯
1365,2010年
1366,1918年
1367,[UNK]分數
1368,劉裕
1369,1652年
1370,大韓帝國
1371,2012年
1372,農桿菌將天然地將遺傳物質插入植物細胞中。在生物動力學
1373,印度洋暖濕氣流
1374,太白山脈
1375,杭達多爾濟
1376,非金屬材料
1377,民國十八年至二十六年間
1378,盧峰
1379,一萬兌一比率
1380,10名
1381,反蘇運動
1382,1996年
1383,1985年
1384,18世紀
1385,選擇信仰天主教來顯示自己的獨立自主
1386,公元前三世紀
1387,九龍灣站
1388,1971年
1389,1997年
1390,牛津大學默頓學院
1391,庭園營造大師
1392,泰國
1393,1914年
1394,廣島市
1395,2300多種
1396,化石燃料
1397,女性
1398,40倍
1399,
1400,紅
1401,1856年
1402,羅鳳
1403,反革命事件
1404,王光美
1405,理察·科伯恩·麥克勞林
1406,西德
1407,1624年
1408,15%
1409,江青
1410,奈及利亞
1411,美國人
1412,1979年
1413,聯星
1414,農田
1415,二戰
1416,2013年2月28日
1417,1973年起
1418,無嗣失權」
1419,南開中學
1420,科學家
1421,10萬人
1422,忽都虎
1423,抗佝[UNK]病維他命
1424,南島語系的馬來-玻里尼西亞語族
1425,57
1426,預算限制
1427,意識型態
1428,拉丁文[UNK]
1429,元代
1430,43人
1431,限制性消化
1432,劉氏
1433,伸展台模特兒
1434,兩層
1435,志費尼
1436,共產黨
1437,《鋼鐵是怎樣煉成的》
1438,1994年12月1日
1439,最高榮譽大獎
1440,錫克教
1441,大業三年
1442,史都華
1443,百越族
1444,保護區
1445,哈利里德
1446,伊斯蘭教
1447,徐樹錚
1448,忽都虎
1449,三級會議會場
1450,加勒比海島嶼
1451,成本效益
1452,奧托·馮·俾斯麥承諾會
1453,南朝鮮
1454,
1455,國家財政資助低收入階層
1456,日本
1457,大學
1458,九龍灣
1459,南屬廣州鐵路局。1963年4月1日，撤銷武漢鐵路局，京廣鐵路蒲圻站以南劃歸廣州鐵路局。同時，恢復鐵路分局建制。廣州鐵路局下設廣州
1460,精神醫學
1461,陳朝
1462,阿克爾自治市
1463,有色人種
1464,
1465,漢諾威
1466,中央電視台高清綜合頻道
1467,丙申
1468,蘇俄
1469,夫餘別種
1470,心室底壁組織
1471,1662年
1472,1884年
1473,第二產業
1474,俄羅斯
1475,杜登
1476,總能量
1477,社會主義市場經濟
1478,葉爾羌汗國
1479,新幾內亞
1480,
1481,陳聖宗、陳興道
1482,奧地利
1483,布拉馬普特拉河
1484,印度教-穆斯林團結大使
1485,沈器遠
1486,200萬立方公尺
1487,黑龍江
1488,1992年
1489,維多利中心
1490,新界原居民
1491,蔣中正
1492,豪族
1493,印度教
1494,頻率理論
1495,無性生殖
1496,網路龐克
1497,母親病危
1498,巴塞隆納奧運
1499,鬍鬚狀
1500,阿拉巴馬州
1501,猴祭
1502,戰鬥機
1503,2013年2月28日
1504,無柱雨棚
1505,1980年
1506,三十八年
1507,納戈爾諾-卡拉巴赫
1508,孟德爾遺傳模式
1509,路易斯一世
1510,《時代》
1511,極權主義
1512,斯特-立陶夫斯克條約》
1513,路易十四
1514,布列塔尼半島美國石油公司加的斯
1515,活塞發動機
1516,海布里球場。海布里球場
1517,東吳
1518,愛德華一世
1519,稻花沒有花瓣
1520,1938年
1521,劉嘉玲
1522,徐家匯
1523,蓋茲
1524,陸秀夫
1525,華人
1526,南斯拉夫聯盟共和國
1527,《塘沽協定》
1528,烏蘭烏德
1529,1897年
1530,巴拉克·歐巴馬
1531,2003年3月4日
1532,降低成本
1533,
1534,杭州[UNK]橋機場
1535,
1536,興登堡元帥建議
1537,總督
1538,興王
1539,衛奕信
1540,非歐幾里得幾何
1541,2009年
1542,全國重點文物保護單位
1543,忽必烈
1544,花垣縣
1545,稀薄的埃歐大氣
1546,惠金斯原理
1547,黑龍江
1548,新院校
1549,兩年
1550,2010年
1551,耶律楚材
1552,國際太空探測器
1553,許蘭亭
1554,烏里雅蘇臺將軍
1555,拿破崙為「社會主義皇帝」。聖西門主義
1556,日治時期
1557,蔡[UNK]
1558,德國
1559,《刑部大理寺狀》
1560,新南威爾斯州
1561,太陽運動
1562,聖方濟·沙勿略
1563,羅馬共和國時期
1564,細毛
1565,韓國
1566,郵政局
1567,圖西族
1568,一次
1569,五個
1570,張三祿
1571,15世紀以前
1572,百老匯
1573,
1574,高血壓
1575,北燕
1576,國務院常務會議
1577,平衡人類和各種自然系統的關係
1578,城市物質形態
1579,環境保護主義
1580,773年
1581,懷柔區
1582,七間
1583,民間反應不佳
1584,光緒十年
1585,1970年代
1586,希臘語
1587,歐洲足球錦標賽
1588,肌源性
1589,加拿大
1590,七個
1591,安定
1592,機器
1593,乾旱
1594,七卷
1595,新北市
1596,甲午戰爭
1597,民主黨
1598,1910年
1599,拉丁字母
1600,1935年
1601,《英華字典》
1602,8.6%
1603,浙江海商
1604,巴西
1605,歐洲聯盟委員會
1606,祈年壇
1607,德國
1608,加加林
1609,
1610,100米以上
1611,咖啡因中毒
1612,國民政府
1613,漢江
1614,青光眼
1615,社會主義
1616,學權部
1617,1987年
1618,射擊斷續器
1619,5位
1620,芽孢炭疽桿菌
1621,1945年
1622,北宋
1623,品
1624,1988年
1625,北海艦隊
1626,英國
1627,耶穌會
1628,一戰前夕
1629,鐵鉉
1630,傑里·威斯特特
1631,《義勇軍進行曲》
1632,棉花
1633,卡洛·埃馬努埃萊一世
1634,郭沫若
1635,中國
1636,漢化
1637,重力收縮
1638,伊爾庫茨克國立大學
1639,厄德
1640,中後期
1641,儒教興盛
1642,巴夏禮
1643,克里斯蒂安四世
1644,蒸汽輪機
1645,大連
1646,亞熱帶常綠闊葉林
1647,1937年
1648,北德意志邦聯
1649,奧東·德拉羅什
1650,約翰·莫根
1651,耐腐蝕性
1652,咸豐二年
1653,咖啡因
1654,中國應該統一
1655,1972年
1656,防禦重點是江淮地區
1657,汪精衛
1658,體育部
1659,斜方晶八面體和單斜棱晶體
1660,直系軍閥
1661,波士頓塞爾提克
1662,孫中山
1663,七月初八
1664,賽丁泉天文台
1665,殖民政策
1666,[UNK]染色體
1667,日本
1668,16世紀
1669,大陸性
1670,配子
1671,猶太人
1672,邱行湘
1673,佩德納萊斯河
1674,皖系軍閥
1675,楚州人
1676,1964年
1677,1967年
1678,第一公民
1679,徐樹錚的行為，開始派員聯絡蘇俄紅軍、帝俄白軍及日本，尋求援助把中國人趕出外蒙，哲布尊丹巴
1680,劉毅敗死，自己亦深感不安，更意圖作亂，劉裕
1681,負責制訂政策
1682,1861年2月9日
1683,3月19日
1684,漢字
1685,安托萬·拉瓦錫
1686,伊斯蘭教
1687,壓力梯度
1688,管叔鮮
1689,參議院
1690,財源
1691,盧安達法郎
1692,[UNK]公山成立，同時成立以皖南獨立團
1693,利家
1694,美國在1873年爆發的經濟蕭條
1695,世族
1696,1853年
1697,新加坡
1698,民國34年
1699,1270年
1700,動力系統
1701,南源玉帶河三個
1702,孫中山
1703,
1704,漢武帝
1705,江河級驅逐艦
1706,2015年
1707,21473平方公里
1708,傳教士，但他父親堅持他去比薩大學
1709,颶風
1710,世界氣象組織
1711,貴霜帝國
1712,海河流域
1713,旭烈兀
1714,700家
1715,十二屆
1716,全市綠化比例高
1717,收到十二道金牌班師回朝之時
1718,新幾內亞
1719,漢地
1720,3月29日
1721,7980年
1722,1947年
1723,青島海軍基地
1724,絲路
1725,綠色窗口是日本各[UNK]鐵路公司的票務櫃臺
1726,恩琴
1727,波蘭進入戰時狀態
1728,西方遊客
1729,視網膜神經節細胞
1730,黎元洪
1731,宋美齡
1732,緬甸
1733,第二次世界大戰
1734,1961年
1735,白光
1736,陳誠
1737,1966年
1738,奈特·麥克米蘭
1739,無佛像時代
1740,1977年
1741,白色
1742,選舉
1743,奈特·麥克米蘭
1744,英國
1745,暫住證制度
1746,《劃一現行各道地方行政官廳組織令》
1747,
1748,5月23日
1749,蒸汽膨脹
1750,隋[UNK]帝
1751,副熱帶季風氣候區
1752,日本
1753,美國心臟學會
1754,大英帝國
1755,《八篇書》
1756,德軍
1757,阿爾薩斯-洛林
1758,
1759,合作派
1760,思覺失調症
1761,
1762,1個
1763,1990年代
1764,麻赫穆德·喀什噶里
1765,24%
1766,高麗國
1767,後現代主義設計
1768,1828年
1769,布里昂·維伯
1770,大會
1771,西安招待所
1772,公元前12年
1773,湯瑪斯傑佛遜
1774,新春期間
1775,郵值標籤
1776,席哈克略皇帝
1777,1989年
1778,希臘的宙斯
1779,農耕節
1780,俄國革命
1781,1915年春季
1782,李[UNK]
1783,開局
1784,敵我矛盾
1785,異物
1786,加圖
1787,10的−14次方太陽質量
1788,會稽虞氏
1789,英國
1790,木衛一
1791,愛滋病毒
1792,1993年
1793,外蒙古
1794,張聞天
1795,不再建立便宜
1796,法家
1797,
1798,通古斯地區過於偏遠
1799,安大略湖
1800,肉食
1801,漢字
1802,劉駿
1803,高約[UNK]米
1804,雙重匯率制度
1805,林奈
1806,史都華
1807,所有制社會主義
1808,59歲
1809,飛機
1810,1928年
1811,5個
1812,
1813,曼哈頓
1814,清咸豐年間
1815,質言之
1816,師承
1817,關西一帯
1818,甲醇
1819,三國史記
1820,牛隻列印問題
1821,塔蘭托
1822,元廷
1823,中國
1824,1590年
1825,1941年
1826,細胞核
1827,蒸汽膨脹
1828,十月革命
1829,俄羅斯
1830,劉少奇為了維護毛的權威，仍然參與到以空前的高調呼籲對毛的個人崇拜的浪潮中來
1831,幅員遼闊
1832,1943年
1833,多倫多市
1834,顯性文明
1835,9倍太陽質量
1836,愛倫·坡
1837,硫是一種非常常見的無味無臭的非金屬，純的硫是黃色的晶體
1838,現金流量表
1839,德川家康
1840,日本
1841,+26等
1842,臺北市仍在，無法續用「臺北」之名作為升格後的名稱，臺北縣政府因而對外徵求改制後的新市名，並舉行網路投票
1843,韓國
1844,1789年
1845,
1846,泰勒斯
1847,32.8%
1848,條約
1849,鮑羅廷
1850,杜林
1851,金合歡
1852,13倍
1853,炮兵連
1854,紅樓夢》
1855,1932年
1856,1920年現代主義嶄露頭角
1857,滇軍在雲南
1858,17世紀初
1859,電子郵票
1860,儒字
1861,曼努埃爾一世
1862,東非
1863,馬克思主義的興起引致俄國
1864,成熟階段
1865,閉門思過，檢查自己是否放棄了那些天賦的心，努力把這些心找回來，以恢復人的本性。這就是孟子所說的求其放心
1866,吠陀」
1867,1950年代
1868,羅伯特·波義耳
1869,湯·韋迪加
1870,托木斯克州
1871,傑弗里·德維爾阿杜安
1872,軍用航太
1873,
1874,中國通俗文化
1875,腓特烈二世
1876,義大利
1877,2000年
1878,1932年
1879,韓劇
1880,路易-菲利普
1881,阿布巴卡爾
1882,師承
1883,《古魯·格蘭特·薩希卜》
1884,1865年
1885,潘永和
1886,1924年
1887,德國財政局
1888,9%
1889,楊宇霆
1890,法國
1891,吉米·史都華
1892,周恩來
1893,金礪
1894,環境污染，指自然的或人為的向環境中添加某種物質而超過環境的自淨能力而產生危害的行為。主要對環境自然生態系統和人的健康產生危害，即使當時不造成危害，但後續效應有害
1895,藍營
1896,三級會議
1897,洛厄爾天文台
1898,加拿大式雙打
1899,三名
1900,關原之戰
1901,金門
1902,電氣化鐵路
1903,《十六國春秋》
1904,2006年
1905,中華民國實業部
1906,1973年
1907,多倫多
1908,大學生的城市
1909,約翰·洛克菲勒
1910,1960年代末
1911,1596年
1912,埃德溫·哈勃
1913,胡季[UNK]
1914,大分子
1915,議會制
1916,1977年
1917,布里亞特喇嘛阿格旺多傑
1918,莫斯科
1919,五分之一
1920,《德意志語言正字大詞典》
1921,星際爭霸[UNK]遊戲
1922,克倫威爾路
1923,類似片
1924,日本
1925,硫酸
1926,德國
1927,水門事件
1928,斯364線建設工程
1929,閻錫山
1930,1997年
1931,托爾金主張《貝奧武甫》的作者是在籠統地表達人類命運的主題，不被特定的部落政治鬥爭所限制，因此怪獸們對此詩歌是必不可少的。《貝奧武甫》中涉及具體部落鬥爭的地方，例如在芬尼斯堡，托爾金堅定地反對計入奇幻元素。在文章中，托爾金
1932,龍興之地
1933,中國政府
1934,阿伊努人
1935,1937年
1936,五倍
1937,風力發電站
1938,艾森豪
1939,3400萬
1940,網球正拍擊球
1941,帕西瓦爾·洛厄爾
1942,二二八事件
1943,黑色代表著謹慎、謙遜、悲傷，而紅色
1944,澎湖
1945,亞硫酸
1946,理學
1947,1998年
1948,2010年後
1949,毛澤東
1950,1950年
1951,太空飛行器
1952,維基媒體
1953,化石燃料
1954,1939年
1955,清朝末年
1956,城堡
1957,哲學原理研究
1958,2001年8月15日
1959,65歲
1960,加勒比海
1961,1455年
1962,鄧穎超
1963,
1964,傳統音樂
1965,
1966,奧地利
1967,土耳其
1968,恢復市場的功能，以邁向生產力理論
1969,北非的希波大會
1970,中華民國政府
1971,1834年
1972,淋巴液
1973,「斷罰出征，並全征燒埋銀」
1974,1901年
1975,五歲
1976,近年
1977,農歷新年
1978,帖木兒帝國
1979,音速巡航
1980,1312年
1981,1888年
1982,30℃
1983,複合式裝甲
1984,希洛克勒斯
1985,北京地質學院
1986,對日抗戰
1987,1989年
1988,元武宗
1989,天文學家
1990,毛澤東
1991,中國
1992,國際非政府組織
1993,1991年以來
1994,中興有中部科學園區
1995,冠佑
1996,朱友貞
1997,1943年
1998,1893年
1999,收容遣送制度
2000,中國國民黨
2001,》
2002,狄拉克
2003,金黃飽滿
2004,移民實邊
2005,水軍
2006,共產黨
2007,矽燃燒過程
2008,劉少奇
2009,瑞士洛桑國際管理學院
2010,1950-1980
2011,著陸
2012,本人對基本人權的認識
2013,丹尼爾奧爾特加
2014,幾何學
2015,1998年1月1日
2016,《風之國度》
2017,東歐保護人民
2018,布里亞特喇嘛阿格旺多傑
2019,元老
2020,11世紀
2021,阿普列尤斯
2022,德國人、義大利人和來自東歐的猶太人
2023,總能量
2024,中國
2025,省務會議
2026,1610年1月7日
2027,荷蘭
2028,茲維亞德·加姆薩胡爾季阿
2029,1835年
2030,六四天安門事件
2031,定向天線
2032,《拉丁通俗譯本》
2033,數百萬克耳文
2034,伯利恆修道院
2035,1948年
2036,1987年
2037,洪堡
2038,
2039,唐睿宗
2040,1968年
2041,不動產
2042,[UNK]·ㄎㄟ·ㄨㄞ
2043,林肯總統
2044,養殖漢諾瓦馬、歐登堡馬和其他血統的馬是不少下薩克森邦人的業餘愛好和職業
2045,民變
2046,規模化
2047,軍校
2048,1599年
2049,3個
2050,港鐵
2051,共產主義
2052,
2053,普魯士
2054,高句麗
2055,蔣經國
2056,溧陽
2057,秘書處
2058,林肯總統
2059,科什圖尼察
2060,80
2061,修正案
2062,500毫升
2063,古代
2064,民國四年
2065,蒙古人
2066,正德十三年
2067,
2068,伊比利亞
2069,經濟學人智庫
2070,劉
2071,旭烈兀
2072,瀧川
2073,莫高窟
2074,電穿孔細胞
2075,義大利馬切拉塔
2076,
2077,1924年
2078,梁啟超
2079,期貨交易所
2080,洋馬兒
2081,奧勒良
2082,1米93
2083,彌次郎
2084,外傭
2085,坡度較高
2086,煤煙消除會
2087,艾薩克·牛頓
2088,非逃港者
2089,柏拉圖
2090,教法
2091,塔蘭托戰役
2092,下納瓦拉
2093,阿爾卑斯山
2094,炮兵連
2095,1957年
2096,漢馬伏波
2097,一億光年
2098,1995年
2099,紅矮星
2100,日語
2101,阿爾法級別
2102,19世紀
2103,草本
2104,涵元殿
2105,奧斯卡·赫特維希
2106,1971年
2107,英國
2108,
2109,感染
2110,民國18年
2111,俄羅斯人
2112,1913年
2113,東部
2114,灣仔
2115,拉丁語
2116,阿聯
2117,畢達哥拉斯
2118,愛格思海金斯公司
2119,
2120,第53
2121,工業革命
2122,
2123,一次世界大戰時期
2124,安眠藥
2125,史坦波中心
2126,預測
2127,林登·貝恩斯·詹森
2128,第一架
2129,泰國
2130,決策科
2131,淮安
2132,劉裕
2133,中共中央副主席
2134,香巴尼
2135,細胞膜
2136,普洱專區
2137,僱傭保險費分為失業保險費和僱傭安定
2138,英國倫敦溫布頓
2139,燕王朱棣起兵造反，援引《皇明祖訓
2140,1569年
2141,佐世保
2142,申城
2143,德川家
2144,河川
2145,岩石圈
2146,香港日治時期
2147,民主黨
2148,1925年
2149,1926年
2150,德國
2151,亞熱帶
2152,
2153,日本
2154,《戡亂建國教育實施綱要》
2155,漢字
2156,卡拉恰伊湖
2157,王藍
2158,南成旭
2159,東晉元帝
2160,
2161,漢字
2162,絲綢之路
2163,5642米
2164,殺蟲劑中毒
2165,寮國
2166,產業工會聯合會
2167,積水潭
2168,薩繆爾
2169,南奧塞提亞自治區
2170,浮動匯率制度
2171,農業
2172,秋天
2173,《中俄國界東段補充協定》
2174,永興」
2175,雲南省
2176,美國
2177,農業
2178,恭順
2179,艾瑪·史東
2180,漢諾瓦
2181,重建時期
2182,玉泉北路
2183,1789年
2184,280天
2185,旅遊業
2186,柏拉圖
2187,北京地質學院
2188,2007年
2189,國家歷史文化名城稱號
2190,維基媒體基金會
2191,一
2192,布拉馬普特拉河
2193,非婚生
2194,孫中山
2195,最佳演唱團體獎
2196,無配偶身份的姬侍
2197,秋冬春涼且潮溼
2198,精神醫學
2199,空對地飛彈
2200,寧古塔副都統
2201,義大利威尼斯麗都島所舉辦的國際影展，屬於威尼斯雙年展
2202,接合
2203,第三心音
2204,郭沫若
2205,四帝共治制是羅馬皇帝戴克里先創立的一個治理模式。由於他看出羅馬帝國過去兩、三百年間世襲制度
2206,韓國海關
2207,奧地利
2208,2009年
2209,牛胃氣膨脹
2210,三源
2211,吠陀梵語
2212,為了要正確地表示宇宙真實名相的真情實意
2213,伸展台模特兒為代表，也代表此類從事的職業內容。模特兒
2214,印第安納大學俱樂部
2215,雷達吸波收材料
2216,1950年代
2217,中山高速公路
2218,農業
2219,東芝
2220,新北市
2221,川本芳昭
2222,敘利亞
2223,
2224,高利貸
2225,溫元凱等人曾公開支持「要求進行民主選[UNK]」
2226,2002年
2227,620年
2228,民國2年2月25日
2229,第一公民
2230,現代主義
2231,天主教
2232,美利堅聯盟國
2233,加里恩努斯
2234,1949年
2235,1858年
2236,數學科幻
2237,心室底壁組織
2238,美國
2239,湯瑪斯·勃蘭契特·瑞德
2240,周恩來
2241,攔截機種
2242,[UNK]-51戰鬥機
2243,日本
2244,同年10月
2245,模擬別人的言行，後發展為象聲
2246,1897年
2247,李察·賓特利
2248,印尼
2249,康熙四十八年
2250,荊州
2251,爾法學院
2252,22個非協商國則只能列席會議
2253,克里米亞戰爭
2254,國防部空軍司令部
2255,北京
2256,1945年
2257,永曆帝
2258,世稱恭順」
2259,1972年
2260,2013年
2261,史達林
2262,佳木斯
2263,1918年
2264,太陽
2265,翼身
2266,基督教
2267,聯合國人權委員會
2268,庫里爾台大會
2269,電漿態的氫
2270,頭
2271,賓夕法尼亞州大學
2272,煙霧
2273,穀類作物
2274,毛奇
2275,[UNK]染色體
2276,後代
2277,澳大利亞
2278,劉宋
2279,劉備
2280,第二心音
2281,東晉元帝
2282,非金屬材料
2283,道格拉斯
2284,玉米
2285,東羅馬帝國
2286,五個
2287,25年
2288,松花江
2289,全歐洲
2290,宋理宗
2291,喬托號
2292,2008年
2293,第13屆最高人民會議第2次會議
2294,紅水河
2295,蒙古人種
2296,斯芬·佩斯
2297,2001年
2298,大道東
2299,
2300,副熱帶濕潤氣候
2301,1200萬名
2302,督憲
2303,1999年
2304,29.48萬人
2305,1998年
2306,鞏高峰
2307,杜篤瑪
2308,12個
2309,蘇維埃
2310,
2311,焦爾達諾·布魯諾
2312,國際網球協會
2313,
2314,誇張
2315,中共中央內部
2316,刺史
2317,心臟
2318,1180年
2319,三歲
2320,失眠
2321,雷焦卡拉布里亞國家考古博物館
2322,阿克爾自治市
2323,香港人
2324,都市計劃
2325,西班牙
2326,布爾人
2327,小孩
2328,街區之隔，始建於1986年的西校區，則以信息科學學院、生命科學學院等工科院係為主。東、西、南、北四校區之間均有校園巴士接駁，在校師生刷校園一卡通
2329,第18
2330,金礪
2331,[UNK]氣候分類系統
2332,
2333,孫中山
2334,金銀珠寶
2335,10世紀
2336,1939年
2337,郵政機關
2338,
2339,加圖
2340,
2341,
2342,音樂
2343,《四十二章經》
2344,神聖羅馬帝國
2345,工業發展
2346,海因利希・弗格勒
2347,第五套
2348,景洪市
2349,憲法原則建國。在建國後的幾個十年中，韓國對憲法進行了九次修訂。最新的一次憲法修訂時間是在1987年的第六共和國。《韓國憲法》
2350,爭取陽光
2351,《失落的故事集
2352,1918年
2353,200米
2354,原始宗教
2355,1區
2356,博物學
2357,杭州
2358,戰鬥機上
2359,1970年
2360,海什木
2361,彰化市民代表會
2362,法國大革命時期
2363,明朝
2364,2012年
2365,朱德
2366,陳湯銘，為長樂鶴上人
2367,漢武帝時期
2368,1958年
2369,東經116度27分
2370,英籍工程師
2371,朝鮮語是同一種語言。包括南北韓
2372,金牛剔星遵循這樣的軌跡進入主序帶
2373,惠金斯
2374,德國財政局
2375,1938年
2376,2014年
2377,杜老誌夜總會
2378,2007年
2379,法國
2380,大陸上的戰事
2381,基本食物
2382,為了鞏固自己及子孫的統治
2383,蒙古語
2384,甲醇
2385,元太宗
2386,15625億日元
2387,印度教經文
2388,
2389,918年
2390,北非作戰
2391,公有制
2392,1987年
2393,核酸酶
2394,金軍
2395,西德
2396,球員
2397,心室底壁組織
2398,
2399,40年以上
2400,2901.3平方公里
2401,桃園市
2402,郭守時
2403,化學分析專業
2404,靠近中國大陸的大陸型氣候，氣溫比台北低
2405,「學習偉大領袖毛澤東」
2406,19世紀
2407,檀君古朝鮮
2408,清康熙帝
2409,楊亨燮
2410,清宣宗時代
2411,蒙漢兩元政治
2412,長劍
2413,三國史記的作者認為高句麗迅速向外擴張，先後吞併太白山東南人國和北沃沮，並擊敗鮮卑使其臣服。而三國史記
2414,四次
2415,林彪
2416,農耕方法的改變，勞動
2417,1972年
2418,錫克教
2419,遺傳物質帶入細胞。可發生於完整活體或是細胞培養中。原理是利用病毒使用傳送其基因組進入其他細胞，進行感染的分子機制。慢病毒載體
2420,社會輿論
2421,1603年
2422,鞏高峰
2423,紐格威森林
2424,2003年
2425,流線型
2426,新石器時代
2427,馬可波羅
2428,古列爾莫·馬可尼
2429,1958年
2430,香港特別行政區政府部門
2431,條約規定的賠償金額中的一小部分，但即使這一小部分也給德國經濟造成了極大負擔並導致了近1/3的通貨膨脹
2432,
2433,布政司署
2434,35%
2435,天主教
2436,釀酒業
2437,1958年
2438,2010年
2439,柏樹林
2440,7920公里/小時
2441,仙台市
2442,史和平
2443,郵資
2444,黑河
2445,1967年
2446,義和團事變
2447,混合苦膽
2448,建文二年
2449,關島組織法
2450,2008年
2451,邊防局
2452,彼得二世
2453,19世紀
2454,豐富銀礦
2455,合不勒汗
2456,高句麗
2457,忽必烈
2458,14年
2459,49.3萬人，居住在該島上的民族有俄羅斯人、日本人、朝鮮人、烏克蘭人、[UNK]靼人、雅庫特人和鄂溫克人等。其中俄羅斯人
2460,巴納德
2461,量子光學
2462,農產品
2463,哈德遜河
2464,宗谷海峽
2465,民國3年6月24日
2466,投保人
2467,主序帶
2468,坎貝爾
2469,港島區
2470,沙阿摩訶末
2471,阿得雷德的去世
2472,中華人民共和國
2473,二十歲
2474,長盤
2475,中村法道
2476,
2477,鐵穆爾
2478,4個月後
2479,英國精神醫學期刊
2480,1878年1月
2481,1260年
2482,13小時
2483,氦
2484,新校地
2485,忽必烈
2486,約翰一世
2487,黑死病
2488,第二次世界大戰中納粹德國戰敗，根據波茨坦會議中英、美、法、蘇四國的協議，決定在德國戰敗後
2489,卡胡盧伊
2490,硫酸
2491,氮化硫
2492,十名
2493,1978年
2494,都市計劃
2495,數百萬克耳文
2496,哲布尊丹巴
2497,無痛分娩
2498,6位
2499,會稽虞氏
2500,煤煙消除會
2501,公民化
2502,宏碁
2503,國民政府時期
2504,海因里希·赫茲
2505,
2506,代王
2507,五桂山
2508,匹茲堡
2509,威廉·赫歇爾
2510,中山高速公路
2511,
2512,阿穆爾河
2513,1989年
2514,花垣鎮
2515,東部
2516,毒品
2517,7%
2518,韓國
2519,2年後
2520,逝世後整理遺產
2521,泰國
2522,農民階層
2523,卡爾·波普
2524,索契
2525,比利時
2526,理工大學
2527,支持臺灣獨立
2528,光明天皇
2529,托木斯克
2530,利比亞公司
2531,1897年
2532,《臺灣自救運動宣言》
2533,詳細規劃
2534,十億年
2535,1486年
2536,英國
2537,1970年代
2538,1500公里
2539,南極條約協商會議
2540,布里亞特人
2541,建炎二年
2542,民國時期
2543,1849年
2544,279年
2545,中國大陸
2546,西元前1534年
2547,庫納巴拉班
2548,1906年
2549,釋迦牟尼
2550,1960年代
2551,1640年
2552,
2553,約翰二世·科穆寧皇帝
2554,東涌線
2555,正式踏上星途
2556,
2557,1999年
2558,2005年7月21日
2559,古代
2560,國家預防腐敗局
2561,地表附近，高度愈高，風速愈大。而風能是與風速的三次方成所正比，所以風機高度愈高，發電量愈多，因此現今有許多風機的高度都超過100m。因為自然界中的風速並不穩定
2562,大學生研究計劃
2563,臺灣
2564,1994年
2565,王亞南教授
2566,捷船街
2567,八零年代
2568,1233年
2569,期貨交易所
2570,瑞派克路
2571,晶片廠
2572,發動機
2573,中國立法規定了選舉的自治組織中，以居民委員會和村民委員會
2574,康熙三十二年
2575,重工業
2576,德國財政局
2577,1952年
2578,軍事執政初期蘇利南政府還大致獲得人民的信賴與當初殖民母國荷蘭政府的良好關係與經濟援助，但在1982年12月8日一場稱為十二月屠殺
2579,驅逐艦
2580,十月革命
2581,張成澤
2582,收藏者
2583,公元1世紀
2584,1904年4月1日
2585,直轄市後，在各個市政領域推動都市轉型計畫
2586,大氣層
2587,興十一年
2588,坑道
2589,臭氧層
2590,日本政府
2591,廣東籍
2592,羅馬帝國
2593,自由派
2594,1990年代
2595,秋明州
2596,倫敦煙霧事件
2597,花邊新聞
2598,自由
2599,韓國
2600,不穩定性
2601,大馬哈魚
2602,亨利克萊
2603,歐美國家
2604,洛東江
2605,赫爾伯特·查普曼
2606,噪音過大的問題
2607,廿八歲
2608,濟南的軍事地位極重要，若取得濟南
2609,2016年
2610,印度國民軍士兵大審判
2611,榮休教宗
2612,研究型大學，含東沙離島研究站
2613,2比1
2614,美利堅合眾國眾議院
2615,1861年
2616,1991年
2617,中華民國
2618,4月底
2619,被子植物
2620,2003年3月4日
2621,曼莫漢·辛格
2622,刺激性
2623,七七事變
2624,民主黨
2625,1895年
2626,中華民國99年12月25日
2627,黑森邦
2628,昭陽湖
2629,伏爾加河的欽察斡勒不兒里克部落首領八赤蠻拒絕投降
2630,載淳
2631,[UNK]
2632,狄拉克
2633,失分
2634,第一次鴉片戰爭
2635,特殊黨員
2636,中國
2637,蔡素玉
2638,加拿大
2639,工藝上的難度不獲好評
2640,中共十五大
2641,2008年
2642,4個
2643,溫州
2644,下薩克森邦
2645,《宅地法》
2646,中途公園
2647,韓國
2648,燈罩
2649,住宅合作社
2650,1848年
2651,2016年9月30日
2652,效益主義
2653,解放軍
2654,1946年
2655,伊斯蘭教
2656,東勝寺一役
2657,6-8月
2658,伊斯蘭教
2659,暴雪娛樂
2660,第二次世界大戰
2661,印第安人
2662,理論心理學
2663,西方墨點法
2664,136.03萬
2665,唐朝
2666,攔截機種
2667,克列孟梭
2668,240℃
2669,中央軍委統一領導，公安部門的邊防機構
2670,
2671,中部科學園區
2672,1799年
2673,特瓦族
2674,雕塑
2675,麻州
2676,杜林
2677,庫侖阻力
2678,新杜老誌夜總會
2679,呂秀蓮
2680,耶穌會
2681,西塞羅
2682,贊格祖爾的政府首長，擱置巴黎和會
2683,出口擴張
2684,法西斯義大利
2685,2013年
2686,忠孝橋
2687,母親
2688,1963年
2689,高崗
2690,
2691,海水淡化
2692,
2693,花崗岩錐狀島嶼
2694,爭議性
2695,1779年
2696,印尼
2697,關心人類價值和環境品質的人本主義
2698,首爾塔洞公園
2699,7票棄權
2700,帝國主義列強
2701,公開產品
2702,千分之三
2703,玉米
2704,普法戰爭
2705,什錦麵
2706,古典經濟學
2707,東歐
2708,79年
2709,陳誠
2710,阿爾比派
2711,
2712,美
2713,甘蔗
2714,不滿北條氏專制政權，途中倒戈天皇
2715,第二個用戶儲存頁面同一段落的編輯，之後當第一個用戶嘗試儲存網頁時
2716,約翰·福特
2717,昆明公交公司
2718,2010年
2719,古典主義風格
2720,國民黨
2721,2008年
2722,納粹黨
2723,國民政府
2724,威廉二世
2725,[UNK]
2726,漢魏故城
2727,1920年代
2728,五色旗
2729,威廉一世
2730,定向天線
2731,35號
2732,1702年
2733,德國
2734,英國殖民地，而且主要為華人的國家，而兩者的華人都是來自廣東和福建，唯一分別的是新加坡主體為福建人，佔40%，香港的主體為廣東人，佔45%，但新加坡有三成的非華人，包括為數不少的馬來人、印度人。新加坡
2735,日本
2736,1944年[UNK]去世後
2737,臺灣國語
2738,
2739,河運
2740,伏爾加河
2741,國際動物命名委員會
2742,黃金自由貿易
2743,脫脫
2744,集中式太陽能發電站
2745,大韓帝國
2746,巴黎郵局
2747,第265任
2748,公共蒸汽鐵路
2749,死亡
2750,40人
2751,阿拉瓦克印第安人
2752,皇后大道東
2753,[UNK]鐵路公司
2754,兩馬赫
2755,12個
2756,蘿蔔糕
2757,伽利略
2758,1875年
2759,裏海
2760,1863年
2761,1880年
2762,16世紀末葉
2763,1829年
2764,杜林
2765,2017年
2766,毛利家
2767,侏[UNK]紀
2768,尹伊桑
2769,拿破崙
2770,4個月後
2771,新學年度
2772,中華人民共和國
2773,愛格思海金斯公司
2774,阿拉巴馬州憲法委員會
2775,1994年
2776,《名人傳》
2777,黃龍元年四月丙申，孫權稱帝，國號吳
2778,傑斐遜·戴維斯
2779,
2780,70%
2781,狩獵採集社會
2782,日本
2783,國民黨
2784,入學考試
2785,很久
2786,利奧三世
2787,鄂圖曼
2788,1986年
2789,古代
2790,1951年4月13日
2791,
2792,心血管疾病
2793,中心
2794,元朝
2795,硫酸
2796,義大利戰爭中，也在17世紀到18世紀中擔任了護衛王室的任務，以其紀律和忠誠出名。法國大革命
2797,超級基金法
2798,遜清
2799,聯合
2800,改革
2801,1933年
2802,20世紀90年代
2803,沙俄軍隊，史稱「羅禪征伐
2804,19世紀
2805,天主教會
2806,《有關國軍參與海外派遣活動的法律案》
2807,溫布頓網球錦標賽
2808,華沙
2809,伯力
2810,強硬的外交政策
2811,肺呼氣機制，但部分語言也會使用緊喉音、內破音、搭嘴音等氣流機制不同的輔音。長度
2812,8世紀
2813,約翰二世·科穆寧皇帝
2814,凡爾賽宮
2815,北海道帝國大學農學部
2816,2008年
2817,信陽
2818,地區邊界
2819,電腦介入飛控系統
2820,動物命名法
2821,2016年
2822,1789年
2823,總指揮
2824,國際動物命名法委員會
2825,提防燕王謀反
2826,金靴獎
2827,齊格蒙特三世
2828,天文學
2829,邦特蘭
2830,萊茵河
2831,氧化亞氮氣體
2832,第四次迦太基大會
2833,孫叔敖造田興水
2834,攻占納哈出的金山
2835,期貨交易所
2836,內燃機引擎
2837,銀熊獎
2838,1968年
2839,靜止心率
2840,《舊金山和約》
2841,10名
2842,1989年
2843,武昌起義
2844,拉卜楞寺
2845,殺傷力大
2846,第一波新政
2847,非歐幾里得幾何
2848,1976年
2849,中國大陸稱外層空間，指的是地球大氣層及其他天體之外的虛空區域
2850,第2758號
2851,1980年代
2852,楊森
2853,1859年
2854,考古學家
2855,學會部
2856,宋文帝
2857,粵西
2858,羅斯托克港
2859,印度河文明
2860,约瑟夫·斯卡利格
2861,湖州人
2862,維多利亞港
2863,暴雪娛樂
2864,土裔
2865,分發式政策
2866,羅馬
2867,12歲
2868,比利時
2869,1000米
2870,馬關條約
2871,羅斯福
2872,大陸性季風氣侯
2873,100克
2874,1席
2875,1994年開始生效的過渡時期憲法
2876,益州
2877,段思平
2878,1957年
2879,散彈槍
2880,海口市
2881,社會學
2882,雌雄同體
2883,華萊士
2884,攔截機
2885,泰國佛教起源於公元前三世紀左右，時為印度阿育王遣派僧侶到東南亞宣揚佛教教義，其中一批到達泰國佛統府後，就以此地為傳教基地。後來，隨著緬甸孟族王國擴展版圖，印度
2886,2000年
2887,4年
2888,英國[UNK]級驅逐艦
2889,臺灣外交困境
2890,7月9日
2891,武漢大學
2892,第三心音
2893,1989年
2894,史達林
2895,
2896,英國
2897,廣州鐵路公司
2898,航宇
2899,海森堡
2900,孫傳芳
2901,元滅宋之戰
2902,亞歷山大·羅德
2903,阿卡狄烏斯念
2904,9月
2905,《農書》
2906,哲布尊丹巴活佛
2907,中世紀中期
2908,瑞派克
2909,穆斯林
2910,台南
2911,精神醫學
2912,蕃人公學校
2913,1987年
2914,發願
2915,6月1日
2916,阿爾沃蘭海，是地中海的一個附屬海，是一片夾在伊比利亞半島和非洲大陸西端末尾之間的海域，通過直布羅陀海峽
2917,主動宣傳
2918,財務報表的三個基本報告之一，所表達的是在一固定期間內，一家機構的現金增減變動情形
2919,1923年
2920,鏡廳
2921,安帝
2922,光緒年間
2923,托列斯海峽
2924,自由民主黨
2925,印度洋
2926,兩年
2927,
2928,荊門市
2929,美國
2930,克羅埃西亞、斯洛維尼亞、蒙特內哥羅等社會主義共和國
2931,1512年
2932,消亡階段
2933,約翰•貝茨•克拉克獎
2934,農業
2935,哈德良
2936,《關於托勒密和哥白尼兩大世界體系的對話》
2937,傳送其基因組
2938,電力無法大量的儲存，大多數時候，電力公司必須即時生產所有需求。電力公司必須仔細估算電力需求，依照估算的結果計畫電力的生產。為了給予電力網路
2939,種族
2940,金正日
2941,盧安達
2942,簡稱阿森納
2943,厄爾布魯士峰
2944,國民政府
2945,明朝
2946,武器設計製造人才
2947,2002年
2948,大氣層
2949,50個
2950,第一個真正的鐵路車站
2951,
2952,1874年
2953,維吾爾語
2954,金泳三
2955,擅長隨心所欲控制自己的體重
2956,新生代
2957,憲政改革
2958,國防部空軍司令部
2959,
2960,電動機
2961,國家宗教事務局
2962,
2963,一次大戰
2964,大西洋鮭
2965,翻版金日成
2966,啟德機場
2967,瑞士在1912年就引入了第一枚航空郵票。奧地利
2968,日本
2969,愛爾蘭語
2970,海森堡
2971,空運
2972,敦煌石窟
2973,鍾祥蘭台宮
2974,朝鮮
2975,1971年
2976,國際航空
2977,兩天
2978,喀喇汗國
2979,
2980,黨內上層
2981,1932年
2982,1952年
2983,葛摩
2984,格林威治時間7:17
2985,陳侃這次出使琉球是由琉球國船工
2986,紐科門
2987,村民委員會
2988,議會大廈
2989,長崎縣
2990,《韓國憲法》
2991,岳飛
2992,怯薛
2993,道元禪師
2994,1637年
2995,西晉
2996,鄭汝立
2997,民國25年4月
2998,中東
2999,一次世界大戰時期
3000,大朝鮮國
3001,石灰石大樓
3002,熱帶稀樹草原
3003,1171年
3004,《日韓合併條約》
3005,羽柴秀吉
3006,共產主義獨裁政權的特色之一是，其政體並未完全掌控社會經濟，就算最徹底法西斯的納粹德國也未全面壟斷國家經濟；共產主義
3007,四十三年
3008,
3009,魏源
3010,保祿六世
3011,精神醫學
3012,公務員事務局及庫務局
3013,梵語
3014,馬可波羅的遊記中，可以看出當時的盛況。隨著理學影響的下降
3015,大陸上的戰事
3016,艾瑪·史東
3017,1622年
3018,第三產業
3019,亨耶跡
3020,德宏州
3021,25個
3022,喬治·史蒂芬生
3023,查士丁尼一世
3024,華北平原
3025,振州
3026,卡拉卡爾帕克族
3027,李時珍
3028,
3029,古羅馬
3030,辛亥革命
3031,六十年代
3032,十年
3033,伊斯蘭教
3034,「兵部右侍郎兼都察院右都御史
3035,六四天安門事件
3036,周恩來
3037,《北京條約》
3038,1976年
3039,1959年
3040,森林面積
3041,國民議會
3042,日本竹[UNK]魚
3043,埃拉伽巴路斯
3044,生活部
3045,預測
3046,3766人
3047,調整其以往只與西方資本主義國家發展關係的外交政策
3048,300公厘
3049,蘇門達臘
3050,洪邁
3051,淮安區
3052,左手
3053,袁世凱
3054,2002年
3055,50%
3056,西里爾字母
3057,南明
3058,中國共產黨紀律檢查機關
3059,第五大
3060,契約經濟
3061,水運
3062,普羅霍羅夫
3063,為了保護蒙古人地位
3064,籌備處
3065,修正主義
3066,鑲藍旗世襲
3067,金正恩
3068,戰艦
3069,戰勝國瓜分
3070,唐朝至德二年
3071,小布希
3072,1871年1月18日
3073,劉少奇
3074,90年代
3075,溫尼伯國際機場
3076,朝鮮
3077,布爾什維克革命
3078,92部作品中，只有2部
3079,遊客團體
3080,黑龍江
3081,奧勒良
3082,昆明巫家壩國際機場
3083,秦漢
3084,居民委員會
3085,民國27年
3086,蘇伊士運河公司
3087,1969年初
3088,通化市
3089,鄭成功
3090,烏茲別克斯坦
3091,玉米
3092,海水
3093,「相互信賴的全面夥伴關係」
3094,2006年
3095,1970年代初期
3096,共產主義
3097,戰鬥機護航
3098,夫餘別種
3099,1938年
3100,西德
3101,東西合璧混合文化
3102,腳
3103,駱克道
3104,71.7公里
3105,拜占庭帝國
3106,肌源性
3107,廣電總局
3108,十三翼之戰
3109,麥克阿瑟
3110,國家安全局
3111,通惠河
3112,雲貴高原
3113,喀喇汗國
3114,8月6日
3115,紅衫軍運動
3116,兵分二路
3117,烏來區
3118,綠窗口
3119,連續函式
3120,希臘文化
3121,幽州
3122,民主政治
3123,庫倫戰敗
3124,1970年代
3125,相聲
3126,王瓊
3127,周恩來
3128,貴霜帝國
3129,
3130,南海縣
3131,《華府風雲》
3132,韓國
3133,成法
3134,少米
3135,李東陽
3136,1919年
3137,[UNK]糯
3138,
3139,印度教
3140,青天白日勳章
3141,弗拉基米爾•列寧
3142,浙江紹興浙軍第二旅第六團第三連
3143,適應對外開放的需要
3144,信陽市
3145,1782年
3146,1867年
3147,5年
3148,隆重
3149,貝爾格勒
3150,日產汽車
3151,政府財政撥款
3152,1918年
3153,1972年
3154,高架電纜
3155,荷蘭
3156,伊薩克
3157,
3158,卡爾施塔特
3159,阿拉伯字母
3160,40%
3161,十年中
3162,《三國演義》
3163,黃琪翔
3164,中國人民銀行
3165,都市
3166,[UNK]
3167,2008年
3168,土地改革
3169,[UNK].[UNK].[UNK][UNK]
3170,巴黎植物園
3171,周恩來
3172,1739年
3173,德意志邦聯
3174,柏林圍牆
3175,布里斯托大學工程學院
3176,商業上
3177,忻城縣
3178,東側
3179,田春蔚
3180,冬季奧運會
3181,動物命名法
3182,國務院農工部第二、三類產業業務，第一類產業業務則由農礦部
3183,艾薩克·牛頓
3184,馬薩諸塞州
3185,4世紀
3186,第一個階段
3187,塞爾維亞
3188,麗貝卡·布蘭克
3189,田漢
3190,太平洋戰爭
3191,公元前37年
3192,新傾向派
3193,新杜老誌夜總會
3194,北京
3195,1942年末和1943年初大型集團軍級坦克編隊再次被全體編入所屬的裝甲部隊。1942年中之前
3196,巴洛克風格
3197,巴爾幹社會主義國家，由馬其頓、塞爾維亞、波士尼亞與赫塞哥維納、克羅埃西亞、斯洛維尼亞、蒙特內哥羅等社會主義共和國所組成，首都為貝爾格勒
3198,4年
3199,公元前194年
3200,俗世什一稅
3201,受貨幣經濟影響
3202,
3203,1949年
3204,曼努埃爾一世
3205,西班牙人
3206,31個
3207,無情》
3208,新北市
3209,
3210,拉彼魯茲
3211,詹姆斯·史都華
3212,1235年
3213,鳴沙山
3214,台北港特定區
3215,馬其頓內部革命組織保加利亞分部
3216,2015年6月
3217,伊斯蘭哈里發軍隊
3218,新北市
3219,物理光學
3220,加勒比海
3221,1945年
3222,數不多的高麗
3223,鱷魚
3224,山峰
3225,35號
3226,無柱雨棚
3227,3月1日
3228,江北地區
3229,希臘文化
3230,19世紀
3231,中山
3232,君士坦提烏斯
3233,鐵穆爾
3234,倭國
3235,1949年
3236,976年
3237,會長
3238,收養資格
3239,昆明原機場昆明巫家壩國際機場
3240,日產汽車
3241,兩棲動物
3242,全國邊海防工作
3243,草原省
3244,1961年
3245,馬爾吉特
3246,11世紀
3247,星系天文學
3248,傑羅姆萊特文教授亦改寫了認知科學的發展史。除了十多位諾貝爾經濟學獎得主之外，九位約翰•貝茨•克拉克獎
3249,314.23萬人
3250,24位
3251,小高加索山脈
3252,全國經濟委員會
3253,
3254,中國共產黨紀律檢查機關
3255,運糧困難
3256,
3257,1627年
3258,[UNK]隱之心
3259,不宣而戰
3260,文化大革命
3261,公元第二世紀
3262,[UNK]-29轟炸機
3263,大蒙古國
3264,漢朝軍事壓力
3265,1924年至1926年
3266,2013年1月1日
3267,鄧小平
3268,民國39年
3269,華萊士
3270,大氣層
3271,亞洲金融風暴
3272,經濟大恐慌
3273,民國元年
3274,1927年
3275,史彌遠死後
3276,2013年
3277,宗教改革
3278,網路龐克
3279,阿爾巴諾羅馬城郊教區主教。在為五位教宗
3280,維多利亞湖
3281,《天體運行論》
3282,馬英九
3283,師承
3284,朱文圭
3285,巴夏禮
3286,廣島市
3287,監理會
3288,毒品
3289,
3290,沒有
3291,1891米
3292,馬來西亞
3293,烏爾蘇拉
3294,92%
3295,李[UNK]
3296,西伯利亞平原
3297,物權法
3298,馬林諾夫斯基
3299,為之後
3300,成吉思汗
3301,劉宋宗王
3302,消極的制度
3303,
3304,人民幣
3305,1971年
3306,1281年
3307,速度
3308,國師八思巴
3309,高加索山脈
3310,茅的樣子
3311,明朝
3312,動物脂肪
3313,公路
3314,奈及利亞
3315,1955年
3316,8市
3317,佛蘭德
3318,路易·菲利普國王
3319,中華民國政府
3320,1912年
3321,1965年
3322,鐵
3323,中國通俗文化
3324,9世紀
3325,特別警察部隊
3326,內蒙古
3327,獅子
3328,宋孝宗
3329,威武陳元帥廟
3330,美元
3331,黑矮星
3332,獅子派
3333,乾隆
3334,功利主義
3335,1998年
3336,西班牙
3337,
3338,成吉思汗時代
3339,共產主義獨裁政權
3340,地中海
3341,1897年
3342,四年
3343,
3344,君士坦丁八世
3345,
3346,1949年
3347,岳飛
3348,劉牢之
3349,
3350,卓袱
3351,五分之四
3352,洋人
3353,民族主義復活
3354,德國
3355,漢語
3356,集安
3357,1970年
3358,
3359,李·亞科卡
3360,五年
3361,瓜拿納樹
3362,特瓦族
3363,髒層
3364,絕對零度
3365,遺傳物質
3366,克列孟梭
3367,海什木
3368,2006年
3369,白[UNK]紀中期
3370,約翰•貝茨•克拉克獎
3371,克勞德夏農
3372,印度國民軍
3373,1932年
3374,人口較南方多出許多
3375,1964年
3376,科幻小說雜誌
3377,法語
3378,政治主張
3379,臺北市
3380,合肥市政府
3381,理查特里維西克
3382,一線天目前仍屬重要軍事基地
3383,彌爾
3384,《續資治通鑑長編》
3385,幽默
3386,普洱市
3387,唐開元二十六年
3388,美國
3389,對於旅客的換乘和貨物運輸十分不利
3390,小的規模
3391,1961年
3392,計劃經濟體制
3393,英國
3394,
3395,模特兒
3396,1284年
3397,民國23年增加為16個政務視察區，明年減少為6個。民國27年
3398,天城體
3399,314.23萬
3400,2005年3月20日
3401,法國
3402,路易十四
3403,喬治•赫伯特•沃克•布希
3404,1936年
3405,詹姆斯·布朗-拉姆齊
3406,伊利諾州
3407,公元前240年
3408,沃爾芬比特爾
3409,性犯罪
3410,結構性下沉而出現的槽地質構造，隨著印度河及恆河的沖積作用
3411,奏
3412,第二代
3413,深水?
3414,忽必烈
3415,1888年
3416,巴西爾二世
3417,元世祖至元十七年
3418,反應式裝甲
3419,德川家康
3420,高速線哈大客運專線
3421,小興安嶺西麓
3422,佛教
3423,恰克圖條約
3424,熱帶雨林
3425,1月6日獨裁
3426,聖凱薩琳教堂
3427,臺灣
3428,
3429,西晉
3430,美國[UNK]電視台
3431,1985年
3432,
3433,1991年
3434,11世紀
3435,郭松齡
3436,1931年
3437,歐」型恆星，半徑約為太陽的8倍，發光度
3438,共產主義
3439,天皇
3440,2014年
3441,保靖縣
3442,專業銀行
3443,第五代
3444,飛機
3445,1976年
3446,「你吃飯了嗎？」
3447,15個
3448,宋公
3449,希洛分基地
3450,漢地大都
3451,康熙
3452,景星殿
3453,雨果
3454,鄧小平
3455,非逃港者
3456,維爾紐斯
3457,民國17年1月
3458,《聯邦調查局
3459,雜交帶
3460,2000年代
3461,《魔戒》
3462,1958年
3463,儒家思想
3464,1月1日
3465,12架
3466,廣西廣府人
3467,1897年
3468,中華人民共和國
3469,47年
3470,元弘之亂
3471,火山活動
3472,倭王權
3473,中環
3474,1991年
3475,約瑟夫
3476,路易-拿破崙大部分的時間都在國外生活
3477,持拍手反手擊球
3478,星系天文學
3479,新南威爾斯學校
3480,良好行為
3481,孫叔敖造田興水
3482,中華人民共和國
3483,朱棣
3484,
3485,軍隊士兵主要由穆斯林和印度教徒
3486,亞俄
3487,東漢
3488,1941年
3489,生命線類的協談電話雖常見，但到2007年時，有關其成效的研究還不太充份
3490,機場快線
3491,薩爾布呂肯地區
3492,溫病學派
